<?xml version="1.0" encoding="utf-8"?>
<metafile version="3.9" client="administrator">
	<name>Dansk (da-DK)</name>
	<version>3.9.16</version>
	<creationDate>Marts 2020</creationDate>
	<author>Danish Translation Team (Transl.: Ronny Buelund, Ole Bang Ottosen)</author>
	<authorEmail>mail@danskjoomla.dk</authorEmail>
	<authorUrl>www.joomla.org</authorUrl>
	<copyright>Copyright (C) 2005 - 2020 Open Source Matters. All rights reserved.</copyright>
	<license>GNU General Public License version 2 or later; see LICENSE.txt</license>
	<description><![CDATA[da-DK danish administrator language]]></description>
	<metadata>
		<name>Danish (Danmark)</name>
		<nativeName>Dansk (Dk)</nativeName>
		<tag>da-DK</tag>
		<rtl>0</rtl>
		<locale>da_DK.utf8, da_DK.UTF-8, da_DK.UTF-8@euro, Danish_Standard,danish, da_DK, dan_DK, da</locale>
		<firstDay>1</firstDay>
		<weekEnd>0,6</weekEnd>
		<calendar>gregorian</calendar>
	</metadata>
	<params/>
</metafile>
