<?xml version="1.0" encoding="utf-8" ?>
<extension version="3.8" client="site" type="language" method="upgrade">
    <name>Italian (Italy)</name>
    <tag>it-IT</tag>
    <version>3.9.16.1</version>
    <creationDate>10 March 2020</creationDate>
    <author>Italian Translation Team</author>
	<authorEmail>stellainformatica@gmail.com</authorEmail>
	<authorUrl>http://www.joomla.org</authorUrl>
    <copyright>Copyright (C) 2005 - 2020 Open Source Matters and Italian Translation team. All rights reserved</copyright>
    <license>GNU General Public License version 2 or later; see LICENSE.txt</license>
	<description>Italian site language pack for Joomla! 3.9</description>
	<files>
		<folder>/</folder>
		<filename file="meta">install.xml</filename>
	</files>
	<params />
</extension>
