<?xml version="1.0" encoding="utf-8"?>
<extension version="3.9" client="administrator" type="language" method="upgrade">
	<name>Русский (ru-RU)</name>
	<tag>ru-RU</tag>
	<version>3.9.12.1</version>
	<creationDate>2019-10-10</creationDate>
	<author>Russian Translation Team</author>
	<authorEmail>smart@joomlaportal.ru</authorEmail>
	<authorUrl>www.joomlaportal.ru</authorUrl>
	<copyright>Copyright (C) 2005 - 2019 Open Source Matters. All rights reserved.</copyright>
	<license>GNU General Public License version 2 or later; see LICENSE.txt</license>
	<description>Russian language pack (administrator) for Joomla! 3.9.12</description>
	    <files>
        <folder>/</folder>
        <filename file="meta">install.xml</filename>
		<filename file="meta">ru-RU.xml</filename>
    </files>
	<params />
</extension>
