<?xml version="1.0" encoding="utf-8"?>
<metafile version="3.8" client="administrator">
	<name>Norwegian bokmål (nb-NO)</name>
	<version>3.8.11.1</version>
	<creationDate>June 2018</creationDate>
	<author>Norsk Joomla!</author>
	<authorEmail>nobody@norskjoomla.no</authorEmail>
	<authorUrl>www.norskjoomla.no</authorUrl>
	<copyright>Copyright (C) 2005 - 2018 Open Source Matters. All rights reserved.</copyright>
	<license>GNU General Public License version 2 or later; see LICENSE.txt</license>
	<description><![CDATA[nb-NO administrator language]]></description>
	<metadata>
		<name>Norwegian bokmål (nb-NO)</name>
		<nativeName>Norsk bokmål (Norge)</nativeName>
		<tag>nb-NO</tag>
		<rtl>0</rtl>
		<locale>no_NO.utf-8, nb_NO.utf-8, no_NO.UTF-8, nb_NO.UTF-8, nb_NO.utf8, no_NO.utf8, no, nb, nob-NO, no_NO, nb_NO, Norwegian_Bokmal, nor, norwegian, bokmal, bokmål</locale>
		<firstDay>1</firstDay>
		<weekEnd>0,6</weekEnd>
		<calendar>gregorian</calendar>
	</metadata>
	<params />
</metafile>
