<?xml version="1.0" encoding="utf-8"?>
<extension version="3.8" client="site" type="language" method="upgrade">
	<name>Norwegian Bokmal (nb-NO)</name>
	<tag>nb-NO</tag>
	<version>3.8.11.1</version>
	<creationDate>June 2018</creationDate>
	<author>Norsk Joomla!</author>
	<authorEmail>nobody@norskjoomla.no</authorEmail>
	<authorUrl>www.norskjoomla.no</authorUrl>
	<copyright>Copyright (C) 2005 - 2018 Open Source Matters. All rights reserved.</copyright>
	<license>GNU General Public License version 2 or later; see LICENSE.txt</license>
	<description>Norwegian bokmål site language for Joomla! 3.x</description>
	<files>
		<folder>/</folder>
		<filename file="meta">install.xml</filename>
	</files>
	<params />
</extension>
