<?xml version="1.0" encoding="UTF-8"?>
<extension type="package" version="3.9" method="upgrade">
	<name>Nederlands (nl-NL) taalpakket</name>
	<packagename>nl-NL</packagename>
	<version>3.9.15.1</version>
	<creationDate>Januari 2020</creationDate>
	<author>Dutch Translation Team</author>
	<authorEmail>taal@joomlacommunity.nl</authorEmail>
	<authorUrl>https://joomlacommunity.nl</authorUrl>
	<copyright>Copyright (C) 2005 - 2019 Dutch Translation Team en Open Source Matters. All rights reserved.</copyright>
	<license>https://www.gnu.org/licenses/gpl-2.0.html GNU/GPL</license>
	<url>https://github.com/joomla/joomla-cms</url>
	<packager>Dutch Translation Team</packager>
	<packagerurl>https://joomlacommunity.nl</packagerurl>
	<description><![CDATA[Nederlands taalpakket]]></description>
	<blockChildUninstall>true</blockChildUninstall>
	<files>
		<folder type="language" client="site" id="nl-NL">language/nl-NL</folder>
		<folder type="language" client="administrator" id="nl-NL">administrator/language/nl-NL</folder>
	</files>
	<updateservers>
		<server type="collection" priority="1" name="Geaccrediteerde Joomla! vertalingen">
			https://update.joomla.org/language/translationlist_3.xml
		</server>
	</updateservers>
</extension>
